{
    "loss": 4.841601371765137,
    "accuracy": 0.7796609997749329
}