{
    "loss": 22.0679931640625,
    "accuracy": 0.8474576473236084
}