{
    "loss": 0.02429090067744255,
    "accuracy": 0.991525411605835
}