{
    "loss": 0.48278379440307617,
    "accuracy": 0.991525411605835
}